{
  "minecraft:recipes/decorations/crafting_table": {
    "criteria": {
      "unlock_right_away": "2024-08-05 08:11:19 +0000"
    },
    "done": true
  },
  "biomesoplenty:biomesoplenty/all_biomes": {
    "criteria": {
      "muskeg": "2024-08-05 08:12:03 +0000",
      "cold_desert": "2024-08-05 08:11:56 +0000",
      "coniferous_forest": "2024-08-05 08:11:20 +0000",
      "snowy_coniferous_forest": "2024-08-05 08:12:19 +0000",
      "snowy_fir_clearing": "2024-08-05 08:11:37 +0000",
      "tundra": "2024-08-05 08:12:00 +0000",
      "snowy_maple_woods": "2024-08-05 08:12:09 +0000"
    },
    "done": false
  },
  "dungeons_arise:wda_root": {
    "criteria": {
      "WDA": "2024-08-05 08:11:19 +0000"
    },
    "done": true
  },
  "biomesoplenty:biomesoplenty/root": {
    "criteria": {
      "coniferous_forest": "2024-08-05 08:11:20 +0000"
    },
    "done": true
  },
  "minecraft:adventure/adventuring_time": {
    "criteria": {
      "minecraft:frozen_river": "2024-08-05 08:11:59 +0000",
      "minecraft:windswept_hills": "2024-08-05 08:11:45 +0000",
      "minecraft:windswept_gravelly_hills": "2024-08-05 08:12:02 +0000"
    },
    "done": false
  },
  "DataVersion": 3337
}